Iteration,Metric,Min,Avg,Std,Max
0,Susceptible,0.95,0.9774999999999998,0.01224744871391591,0.9875
0,Infected,0.0125,0.022499999999999996,0.01224744871391589,0.05
0,Recovered_Immune,0.0,0.0,0.0,0.0
0,Death,0.0,0.0,0.0,0.0
0,Asymptomatic,0.9875,0.9997499999999999,0.0017499999999999937,1.0
0,Hospitalization,0.0,0.00025,0.0017500000000000005,0.0125
0,Severe,0.0,0.0,0.0,0.0
0,Q1,402.56402773590776,420.2490099372759,9.741583743899497,441.1682384089634
0,Q2,802.713823374505,840.1327542839472,18.644807597746723,898.0674664571986
0,Q3,1296.395889397515,1366.1708982678342,31.19838442914697,1442.568328665198
0,Q4,2004.2326058523913,2097.2666764747496,47.93090623054727,2234.699638949045
0,Q5,5613.584088083964,5866.35292648205,115.56939463845978,6260.566977910403
1,Susceptible,0.9125,0.96825,0.02079813693579308,0.9875
1,Infected,0.0125,0.03175,0.02079813693579307,0.0875
1,Recovered_Immune,0.0,0.0,0.0,0.0
1,Death,0.0,0.0,0.0,0.0
1,Asymptomatic,0.9875,0.9990000000000001,0.0033911649915626223,1.0
1,Hospitalization,0.0,0.001,0.0033911649915626344,0.0125
1,Severe,0.0,0.0,0.0,0.0
1,Q1,409.77678935083867,438.4469520113045,15.828195580404893,481.0105002387217
1,Q2,820.2148477442564,873.617382876551,27.14284711259022,941.4811342903793
1,Q3,1318.972208354364,1428.9714278713282,51.71381606571269,1544.3789145816297
1,Q4,2027.7077776310252,2185.161005577093,72.86529274337656,2374.623749221752
1,Q5,5730.535405563405,6128.2387697341965,191.11890915201764,6608.505088699614
2,Susceptible,0.9125,0.9627499999999999,0.02378155798092296,0.9875
2,Infected,0.0125,0.03725,0.02378155798092295,0.0875
2,Recovered_Immune,0.0,0.0,0.0,0.0
2,Death,0.0,0.0,0.0,0.0
2,Asymptomatic,0.9875,0.9984999999999999,0.004062019202317966,1.0
2,Hospitalization,0.0,0.0015,0.00406201920231798,0.0125
2,Severe,0.0,0.0,0.0,0.0
2,Q1,420.7767729106152,457.84850544133093,20.760266549245866,514.7311365945303
2,Q2,836.4121382399053,911.2346133601116,40.646700454619356,1015.6925809324013
2,Q3,1363.3916663426141,1491.3072940381653,63.58480104133807,1604.5250844169223
2,Q4,2059.6820935438304,2291.728716983458,111.72198586629052,2524.3246241417587
2,Q5,5925.797104533141,6389.001632486824,244.64591454582995,7147.354613016507
3,Susceptible,0.9,0.9575,0.025617376914899008,0.9875
3,Infected,0.0125,0.0425,0.025617376914898994,0.1
3,Recovered_Immune,0.0,0.0,0.0,0.0
3,Death,0.0,0.0,0.0,0.0
3,Asymptomatic,0.9875,0.9984999999999999,0.004062019202317966,1.0
3,Hospitalization,0.0,0.0015,0.00406201920231798,0.0125
3,Severe,0.0,0.0,0.0,0.0
3,Q1,428.48045222812397,478.7554565663745,27.95191140641141,576.8154991216365
3,Q2,862.4498675606862,950.4614580138108,50.460281608246355,1081.5653249495801
3,Q3,1380.9380438266128,1548.6523432979218,78.69155100126353,1693.9506008907626
3,Q4,2102.2583725800605,2390.6740716931945,133.91680413548812,2655.5948067806776
3,Q5,6100.159722296994,6649.126180799363,300.7622923503416,7369.137262376469
4,Susceptible,0.9,0.95225,0.026538886562928753,0.9875
4,Infected,0.0125,0.047749999999999994,0.026538886562928746,0.1
4,Recovered_Immune,0.0,0.0,0.0,0.0
4,Death,0.0,0.0,0.0,0.0
4,Asymptomatic,0.975,0.9977499999999999,0.005414101956926918,1.0
4,Hospitalization,0.0,0.0022500000000000003,0.0054141019569269285,0.025
4,Severe,0.0,0.0,0.0,0.0
4,Q1,431.39945718125773,497.73241051592487,35.19744555638402,630.6288010174193
4,Q2,875.3692659686801,989.1353290465594,68.47603517355167,1179.8797819715003
4,Q3,1397.4147861708564,1610.6341196185303,101.06330350464013,1831.991672013199
4,Q4,2148.357606676762,2489.179899733426,152.81738564298854,2841.7410402790642
4,Q5,6153.343243557352,6910.163448351522,362.61457902276834,7715.200650595834
5,Susceptible,0.8875,0.94725,0.03064820549396001,0.9875
5,Infected,0.0125,0.0525,0.03031088913245535,0.1125
5,Recovered_Immune,0.0,0.0,0.0,0.0
5,Death,0.0,0.00025,0.0017500000000000005,0.0125
5,Asymptomatic,0.975,0.9969999999999999,0.0058949130612757855,1.0
5,Hospitalization,0.0,0.0027500000000000003,0.005750000000000001,0.025
5,Severe,0.0,0.0,0.0,0.0
5,Q1,448.4071469892336,515.9139497671619,39.55068754877029,665.0902279467722
5,Q2,888.867550098101,1030.339896014169,81.50471577521495,1228.5256842365
5,Q3,1422.594970091649,1664.7290250693268,118.18547340584304,1882.2185277561632
5,Q4,2147.725954437812,2598.760592692782,205.28695681173824,3179.2015306583367
5,Q5,6264.04158582435,7143.8214102090205,424.6253454927301,8161.304036804884
6,Susceptible,0.875,0.94325,0.03094450678230307,0.9875
6,Infected,0.0125,0.056499999999999995,0.030540956108150902,0.125
6,Recovered_Immune,0.0,0.0,0.0,0.0
6,Death,0.0,0.00025,0.0017500000000000005,0.0125
6,Asymptomatic,0.975,0.9954999999999999,0.007399324293474364,1.0
6,Hospitalization,0.0,0.00425,0.007335700375560605,0.025
6,Severe,0.0,0.0,0.0,0.0
6,Q1,455.68075897347995,535.3123383062888,48.58656374009843,736.7923170177023
6,Q2,913.9299959880763,1070.4342664599271,92.13279949573854,1302.7895087812174
6,Q3,1425.0722097840917,1725.3539135215253,138.09999528142157,2006.2820088009075
6,Q4,2242.971465516223,2698.2543743731694,236.12262421190485,3342.620669411514
6,Q5,6363.9737119022975,7377.524081426985,491.14910613208866,8543.459176634522
7,Susceptible,0.8625,0.9372499999999999,0.03358664168981472,0.9875
7,Infected,0.0125,0.0625,0.033071891388307385,0.1375
7,Recovered_Immune,0.0,0.0,0.0,0.0
7,Death,0.0,0.00025,0.0017500000000000005,0.0125
7,Asymptomatic,0.9625,0.9940000000000001,0.0094339811320566,1.0
7,Hospitalization,0.0,0.0055000000000000005,0.009069178573608528,0.0375
7,Severe,0.0,0.00025,0.0017500000000000005,0.0125
7,Q1,464.6980497193969,553.9650906996926,56.40844793920865,784.4257147424329
7,Q2,933.8571628397292,1109.144042028588,97.86005326435571,1345.9490044625272
7,Q3,1471.1837282489291,1784.9825043749704,159.8397494669796,2082.217862662495
7,Q4,2274.181181611997,2803.4237196647487,274.0834822242488,3521.08471150479
7,Q5,6549.8735189771,7617.355413785653,539.4846286711894,8803.83170773475
8,Susceptible,0.85,0.9322500000000001,0.036919676325775135,0.9875
8,Infected,0.0125,0.0675,0.036400549446402586,0.15
8,Recovered_Immune,0.0,0.0,0.0,0.0
8,Death,0.0,0.00025,0.0017500000000000005,0.0125
8,Asymptomatic,0.95,0.9934999999999999,0.010380269746013348,1.0
8,Hospitalization,0.0,0.00575,0.0100654110695987,0.05
8,Severe,0.0,0.0005,0.002449489742783178,0.0125
8,Q1,470.5636021480776,570.93158025103,60.55042728919794,795.3205194690819
8,Q2,936.7855905329968,1145.7443841227123,113.31063950309658,1408.70815287921
8,Q3,1547.2388726588651,1840.549861805458,174.63987410198146,2235.2745970971973
8,Q4,2289.3851602958666,2889.1108163862623,297.9428875804554,3685.7253839403
8,Q5,6633.246860706477,7876.805566894709,599.2121944085626,9106.491077228746
9,Susceptible,0.825,0.927,0.0408013480169467,0.9875
9,Infected,0.0125,0.07250000000000001,0.040155946010522525,0.175
9,Recovered_Immune,0.0,0.0,0.0,0.0
9,Death,0.0,0.0005,0.0024494897427831783,0.0125
9,Asymptomatic,0.95,0.9929999999999999,0.01035615758860399,1.0
9,Hospitalization,0.0,0.006,0.009096702699330125,0.0375
9,Severe,0.0,0.0005,0.002449489742783178,0.0125
9,Q1,483.9455165634549,586.9754662188044,66.42454281536578,829.3400951476679
9,Q2,950.6027256284592,1180.3119805154436,123.54547060260991,1464.933062662102
9,Q3,1561.9548531669925,1899.548025215522,191.64986821460894,2302.7273953556905
9,Q4,2312.979643594657,2983.340340642396,325.4382796897833,3789.632322455508
9,Q5,6668.690622953609,8115.435346842497,660.9881194360923,9821.697185510642
10,Susceptible,0.8125,0.9215000000000001,0.04337626078859265,0.9875
10,Infected,0.0125,0.07774999999999999,0.042594747328749356,0.1875
10,Recovered_Immune,0.0,0.0,0.0,0.0
10,Death,0.0,0.0007500000000000001,0.0029685855217594795,0.0125
10,Asymptomatic,0.95,0.9925,0.010606601717798213,1.0
10,Hospitalization,0.0,0.005750000000000001,0.008370334521391604,0.025
10,Severe,0.0,0.001,0.003391164991562634,0.0125
10,Q1,487.8629306168061,602.7679572260367,73.19999014612111,862.9997395284622
10,Q2,967.5514879954723,1219.866110044969,138.0792747026138,1564.819918136467
10,Q3,1595.6396239859541,1952.4292547443592,206.99442149512097,2342.7115828285055
10,Q4,2347.74032647711,3074.1757726482656,349.740410404435,3878.167019334201
10,Q5,6738.495494150351,8332.125322377651,721.641940537306,10073.237155035571
11,Susceptible,0.8,0.91625,0.04638493828819868,0.9875
11,Infected,0.0125,0.08275,0.04533831161390993,0.2
11,Recovered_Immune,0.0,0.0,0.0,0.0
11,Death,0.0,0.001,0.0033911649915626344,0.0125
11,Asymptomatic,0.95,0.9904999999999998,0.0121346610995116,1.0
11,Hospitalization,0.0,0.006750000000000002,0.010065411069598698,0.0375
11,Severe,0.0,0.0017499999999999998,0.004337337893224369,0.0125
11,Q1,501.59419297825434,621.1442137704563,79.94152592521777,905.6329043849167
11,Q2,985.5134965459264,1256.7130995003756,150.6060658594304,1642.4610835053227
11,Q3,1598.585987108314,2011.7217283270986,221.32843432621124,2423.4372756004486
11,Q4,2379.1858317866686,3158.4599365725126,380.66598115131643,4015.723539252055
11,Q5,6764.312482624811,8544.716760231295,775.4852011106055,10260.837993083052
12,Susceptible,0.7875,0.9109999999999999,0.04985228179331413,0.9875
12,Infected,0.0125,0.08775000000000002,0.04914837230265108,0.2125
12,Recovered_Immune,0.0,0.0,0.0,0.0
12,Death,0.0,0.00125,0.0037500000000000003,0.0125
12,Asymptomatic,0.95,0.9894999999999999,0.013076696830622023,1.0
12,Hospitalization,0.0,0.0075000000000000015,0.010897247358851683,0.0375
12,Severe,0.0,0.0017499999999999998,0.004337337893224369,0.0125
12,Q1,506.8776279040246,638.078783575181,86.43825198750635,949.8512404554144
12,Q2,1009.4760231598173,1290.890529458161,166.3671668372157,1756.4815166215476
12,Q3,1611.4582829834985,2067.07363560747,233.16241962678825,2481.478681910317
12,Q4,2462.53034784911,3240.053325986204,399.77284689102447,4117.789263805944
12,Q5,6795.506439436633,8780.924398801462,845.5574207979625,10546.196196305882
13,Susceptible,0.7625,0.9045000000000001,0.054357612162419355,0.9875
13,Infected,0.0125,0.09425,0.0538057850049602,0.2375
13,Recovered_Immune,0.0,0.0,0.0,0.0
13,Death,0.0,0.00125,0.0037500000000000003,0.0125
13,Asymptomatic,0.95,0.9885,0.013656500283747668,1.0
13,Hospitalization,0.0,0.008,0.011390785749894519,0.0375
13,Severe,0.0,0.0022500000000000003,0.004802343178074637,0.0125
13,Q1,517.7591486567659,654.3992587537712,91.29566585899957,993.6006537303826
13,Q2,1027.7971209800087,1325.7674964015284,175.6966883406681,1825.7276053279304
13,Q3,1605.3733059478259,2122.177160563339,252.93527899250597,2591.7653923896014
13,Q4,2472.7281521573577,3333.8850912505322,423.0949582140412,4272.064625279499
13,Q5,6971.534373916592,9042.959333250428,916.8205586512457,11020.38880498771
14,Susceptible,0.7625,0.90075,0.05598046534283187,0.9875
14,Infected,0.0125,0.09775,0.05582842018183928,0.2375
14,Recovered_Immune,0.0,0.0,0.0,0.0
14,Death,0.0,0.0015000000000000002,0.004062019202317981,0.0125
14,Asymptomatic,0.95,0.987,0.013683932183404015,1.0
14,Hospitalization,0.0,0.00825,0.010784827305061495,0.0375
14,Severe,0.0,0.0032500000000000003,0.006025985396596976,0.025
14,Q1,527.8423406414005,671.5831852171087,95.83717953183847,1025.9781329058394
14,Q2,1039.0843304505347,1360.0952662589082,189.90377365008268,1924.3037264338893
14,Q3,1642.1793138539356,2174.9536067738254,268.5848844687716,2698.9577762404824
14,Q4,2459.0920048385665,3423.990358912895,447.1729136355792,4461.768545690979
14,Q5,6939.460809405244,9258.903796189654,973.4772065348586,11276.342901441933
15,Susceptible,0.7625,0.8975000000000002,0.0570087712549569,0.9875
15,Infected,0.0125,0.10075,0.056535939896671036,0.2375
15,Recovered_Immune,0.0,0.0,0.0,0.0
15,Death,0.0,0.0017500000000000003,0.004337337893224369,0.0125
15,Asymptomatic,0.95,0.98625,0.013750000000000009,1.0
15,Hospitalization,0.0,0.0085,0.01044030650891055,0.0375
15,Severe,0.0,0.0034999999999999996,0.006144102863722254,0.025
15,Q1,533.267889406544,689.2212069001248,102.17932477412971,1081.2396256320176
15,Q2,1047.41851874311,1389.8405347210623,200.8348483125788,1970.0074318330203
15,Q3,1664.6547708298838,2230.814218092297,280.36939119507076,2760.60269237979
15,Q4,2495.9811520971225,3514.900187102264,477.7364643662637,4722.1980433222425
15,Q5,7046.920988632227,9489.004577871005,1047.7834032900982,11434.426428655004
16,Susceptible,0.7625,0.893,0.05906352512337881,0.9875
16,Infected,0.0125,0.10500000000000002,0.0585768725692999,0.2375
16,Recovered_Immune,0.0,0.0,0.0,0.0
16,Death,0.0,0.002,0.00458257569495584,0.0125
16,Asymptomatic,0.95,0.98525,0.014724554322627226,1.0
16,Hospitalization,0.0,0.00875,0.010968705484240152,0.0375
16,Severe,0.0,0.004,0.006819090848492928,0.025
16,Q1,534.815063968929,705.7203328488664,110.05362176862722,1133.6241898003373
16,Q2,1047.345721029103,1424.0108540224971,214.9926490194217,2067.8711163415664
16,Q3,1669.0979292745087,2283.755669486871,300.6679250958825,2853.2032771501576
16,Q4,2515.7347928924096,3613.595111694387,511.69406639554774,4933.547634945569
16,Q5,7082.2824387440205,9669.600392190228,1098.2198518021858,11698.041781812219
17,Susceptible,0.7625,0.8889999999999999,0.06152438540936432,0.9875
17,Infected,0.0125,0.10900000000000003,0.061086004943849456,0.2375
17,Recovered_Immune,0.0,0.0,0.0,0.0
17,Death,0.0,0.002,0.00458257569495584,0.0125
17,Asymptomatic,0.95,0.9837499999999999,0.015860721925561913,1.0
17,Hospitalization,0.0,0.01,0.0119895788082818,0.0375
17,Severe,0.0,0.00425,0.00689655711206686,0.025
17,Q1,545.6548770690249,721.5163777783143,114.42076877532443,1167.570174511537
17,Q2,1058.7958278171152,1460.9843618791033,223.87318023943016,2103.1187013527965
17,Q3,1699.5149028655842,2343.016607114308,312.3653600017321,2925.9618159070933
17,Q4,2529.1683691698067,3706.954086560903,527.6603654591532,4995.038658790355
17,Q5,7076.4820035364655,9916.385033500374,1146.3572166516742,12074.14619553791
18,Susceptible,0.7625,0.88325,0.06273007651836558,0.9875
18,Infected,0.0125,0.11425,0.06189759688388557,0.2375
18,Recovered_Immune,0.0,0.0,0.0,0.0
18,Death,0.0,0.0025,0.005,0.0125
18,Asymptomatic,0.95,0.9834999999999998,0.016286497474902344,1.0
18,Hospitalization,0.0,0.009000000000000001,0.010908712114635715,0.0375
18,Severe,0.0,0.005,0.0082915619758885,0.0375
18,Q1,549.4336989551769,739.2779288353153,122.31703574314888,1216.752936132708
18,Q2,1066.954398629451,1490.2963501709753,238.72001797138662,2195.1508858650977
18,Q3,1697.853473531114,2396.489792535064,328.5332680031848,2965.864094256273
18,Q4,2545.141577343139,3799.8652587254564,554.2339759830124,5163.898806728042
18,Q5,7049.7798114503985,10132.411753097407,1232.3398338886152,12233.913203643682
19,Susceptible,0.7625,0.87825,0.06323616449469402,0.9875
19,Infected,0.0125,0.11925000000000001,0.06261040249032106,0.2375
19,Recovered_Immune,0.0,0.0,0.0,0.0
19,Death,0.0,0.0025,0.005,0.0125
19,Asymptomatic,0.95,0.98225,0.01641074343227632,1.0
19,Hospitalization,0.0,0.009500000000000001,0.011056672193747992,0.0375
19,Severe,0.0,0.00575,0.008370334521391604,0.0375
19,Q1,556.899047853507,757.5736758750041,128.38920894587002,1251.3962517580167
19,Q2,1080.4673535180807,1526.1844684985483,251.5448256117145,2223.9635209811977
19,Q3,1750.8951223125791,2450.8874217431503,344.8210522659557,3073.34161174772
19,Q4,2531.5961094626737,3879.4254597002932,574.0563758743207,5266.64730792324
19,Q5,7160.402741910453,10359.977662359537,1282.6203977636412,12706.05182557081
20,Susceptible,0.75,0.8737499999999998,0.06399462868085103,0.9875
20,Infected,0.0,0.1115,0.06338572394474958,0.225
20,Recovered_Immune,0.0,0.011999999999999997,0.0024494897427831783,0.0125
20,Death,0.0,0.0027500000000000003,0.005178078794301995,0.0125
20,Asymptomatic,0.9375,0.9834999999999999,0.016665833312498966,1.0
20,Hospitalization,0.0,0.0085,0.011022703842524302,0.05
20,Severe,0.0,0.00525,0.008692669325356854,0.0375
20,Q1,558.0329135517993,774.1789459142925,134.21234313379748,1283.1917352670762
20,Q2,1088.4460288915961,1561.5169830437414,260.7818344433455,2280.9215237734425
20,Q3,1765.3033518247732,2502.6069567099203,353.5703405459987,3169.096374535196
20,Q4,2539.1851611213597,3964.2421940369995,600.9834903122799,5439.39989995893
20,Q5,7226.712612175128,10566.478870063258,1347.2127490267937,13093.26505803215
21,Susceptible,0.75,0.86925,0.06610644824826092,0.9875
21,Infected,0.0,0.106,0.061147362984841795,0.225
21,Recovered_Immune,0.0,0.021749999999999995,0.012700885795880539,0.05
21,Death,0.0,0.0030000000000000005,0.005338539126015656,0.0125
21,Asymptomatic,0.9375,0.98425,0.016357337802955594,1.0
21,Hospitalization,0.0,0.007250000000000001,0.010633085159068368,0.05
21,Severe,0.0,0.0055000000000000005,0.007968688725254613,0.025
21,Q1,578.7610116547487,789.8168337315017,137.31692312564195,1310.4007010820053
21,Q2,1106.0737769877603,1597.1944862826547,273.8228172487481,2359.8215388532635
21,Q3,1763.3692139991365,2555.8740379700125,372.911458543092,3236.9363066239516
21,Q4,2553.690991337892,4047.5489885146717,619.956136250023,5561.975650667216
21,Q5,7246.066258162712,10791.181106786044,1405.312178289663,13340.08833985246
22,Susceptible,0.7375,0.863,0.06946042038456145,0.9875
22,Infected,0.0,0.10249999999999998,0.062249497989943656,0.2375
22,Recovered_Immune,0.0125,0.031,0.020651876428063383,0.0875
22,Death,0.0,0.0035000000000000005,0.006144102863722254,0.025
22,Asymptomatic,0.9375,0.9849999999999999,0.016393596310755005,1.0
22,Hospitalization,0.0,0.0065000000000000014,0.010677078252031312,0.05
22,Severe,0.0,0.005,0.0075,0.025
22,Q1,587.6393951417399,804.5320364892142,143.15813968784772,1333.02163876676
22,Q2,1135.1477087698113,1630.0249614350719,284.8163258001611,2423.1302962424857
22,Q3,1772.0081077430143,2610.5103122226446,391.0992565075164,3320.1533912875257
22,Q4,2613.2456395553104,4125.846358969586,644.4827776270216,5673.31116172593
22,Q5,7418.704167094239,11047.172717367393,1465.566106623258,13668.96672985766
23,Susceptible,0.7375,0.86,0.07241374178980119,0.9875
23,Infected,0.0,0.10025,0.06336846613261204,0.2375
23,Recovered_Immune,0.0125,0.03625,0.0238812164681785,0.0875
23,Death,0.0,0.0035000000000000005,0.006144102863722254,0.025
23,Asymptomatic,0.9375,0.9840000000000001,0.0175071414000116,1.0
23,Hospitalization,0.0,0.007000000000000001,0.012288205727444507,0.05
23,Severe,0.0,0.0055000000000000005,0.007968688725254613,0.025
23,Q1,598.1702149219042,820.2400029144644,149.23928231890764,1393.600117990408
23,Q2,1138.5973952352153,1665.4057600489748,296.2605957331474,2482.4180076168236
23,Q3,1786.648051203651,2668.2597221649353,410.53459264396105,3412.169744253717
23,Q4,2630.771661715792,4207.3206028622635,666.3819191392803,5775.613123996755
23,Q5,7482.286881802553,11276.412969306104,1527.5450296656174,14314.086928396144
24,Susceptible,0.725,0.85625,0.07417251849573399,0.9875
24,Infected,0.0,0.09849999999999999,0.06420864427785405,0.225
24,Recovered_Immune,0.0125,0.04125000000000001,0.025403001791126967,0.1
24,Death,0.0,0.004,0.0076811457478686085,0.0375
24,Asymptomatic,0.9375,0.9857499999999999,0.017322312201320012,1.0
24,Hospitalization,0.0,0.006000000000000001,0.010380269746013348,0.0375
24,Severe,0.0,0.00425,0.007335700375560604,0.025
24,Q1,606.4578960809254,837.0578202196366,155.7298689338263,1431.668175854323
24,Q2,1154.568640848101,1701.1224360697202,306.2009277826278,2549.170083777676
24,Q3,1798.0011683903945,2727.8433379954304,421.4884531548992,3549.392210843625
24,Q4,2664.5330062665644,4296.391067802398,684.5750714318411,5971.307711997677
24,Q5,7743.43381616775,11518.195657282802,1575.7990817706154,14615.511264396613
25,Susceptible,0.7,0.85,0.07725768570181223,0.9875
25,Infected,0.0,0.1,0.06514407110397692,0.225
25,Recovered_Immune,0.0125,0.046,0.02639128644079329,0.1
25,Death,0.0,0.004,0.0076811457478686085,0.0375
25,Asymptomatic,0.9375,0.9865,0.016363068171953578,1.0
25,Hospitalization,0.0,0.00625,0.01007782218537319,0.0375
25,Severe,0.0,0.0032500000000000007,0.006025985396596975,0.025
25,Q1,605.9852929026565,855.5224865966932,160.57421625692504,1457.514742266627
25,Q2,1183.6257027250285,1734.4503514191445,315.7149766898692,2622.7415124475415
25,Q3,1802.6865368886668,2782.507315916737,435.3263791038325,3628.9157992264336
25,Q4,2688.751715541559,4373.683403581865,702.486043555495,6143.909311917592
25,Q5,7737.347419911694,11729.382875163315,1657.6612433110392,14919.974125062667
26,Susceptible,0.7,0.8425,0.07937253933193772,0.9875
26,Infected,0.0,0.10275000000000001,0.06424027163703466,0.2375
26,Recovered_Immune,0.0125,0.050499999999999996,0.029576172842340504,0.1125
26,Death,0.0,0.00425,0.008143248737451167,0.0375
26,Asymptomatic,0.9375,0.98675,0.015892215075312823,1.0
26,Hospitalization,0.0,0.006000000000000001,0.009096702699330127,0.0375
26,Severe,0.0,0.0030000000000000005,0.0058949130612757986,0.025
26,Q1,611.1089664489418,872.3467527684356,166.49894319107827,1490.9767268312883
26,Q2,1186.8407393172981,1769.4465519839127,328.4178693184806,2722.3113171062687
26,Q3,1820.4633781280656,2840.319851380454,449.24109573422686,3768.452292022641
26,Q4,2723.985716858304,4462.679755024244,729.0029219133854,6201.353099251309
26,Q5,7831.293248065118,11956.30591704303,1719.6661456799102,15166.04651554626
27,Susceptible,0.6875,0.8394999999999999,0.08075270893288967,0.9875
27,Infected,0.0,0.10175,0.0632460473073219,0.2375
27,Recovered_Immune,0.0125,0.05424999999999999,0.029539168911802506,0.125
27,Death,0.0,0.0045000000000000005,0.008573214099741124,0.0375
27,Asymptomatic,0.9375,0.98575,0.016585008290621987,1.0
27,Hospitalization,0.0,0.006250000000000001,0.00910013736160065,0.025
27,Severe,0.0,0.0035000000000000005,0.007088723439378913,0.025
27,Q1,617.393513028655,887.5146679105851,170.8818103264704,1522.372628010907
27,Q2,1222.8947865298428,1803.624975597385,333.89968830543324,2787.6314185148026
27,Q3,1842.19604244833,2895.9240207989656,466.3231124525395,3811.283884962945
27,Q4,2787.888075626506,4553.103782135208,762.9198746294893,6393.53403598125
27,Q5,7925.734500559971,12188.076916736662,1760.3192731972892,15635.229552923684
28,Susceptible,0.675,0.83525,0.08252613222488983,0.9875
28,Infected,0.0,0.10025,0.06095541403353767,0.25
28,Recovered_Immune,0.0125,0.05949999999999999,0.03177656369087129,0.1375
28,Death,0.0,0.005,0.008660254037844388,0.0375
28,Asymptomatic,0.9375,0.986,0.016889345754054538,1.0
28,Hospitalization,0.0,0.00525,0.008325412902673357,0.025
28,Severe,0.0,0.0037500000000000007,0.008003905296791061,0.0375
28,Q1,618.81011015215,905.322854856643,176.67758989833462,1562.2357773692609
28,Q2,1262.5913608030385,1837.2632041667123,347.97936839550067,2897.0314222917295
28,Q3,1843.9393554511735,2950.9567125449025,480.2364516653482,3863.2600220336676
28,Q4,2870.075709566234,4641.52743149107,783.1245433564088,6499.984629975011
28,Q5,7962.7306525670865,12415.019300347623,1824.0652148212682,16110.223488578198
29,Susceptible,0.65,0.8310000000000001,0.08371230494975036,0.9875
29,Infected,0.0,0.09949999999999999,0.05910583727517951,0.2375
29,Recovered_Immune,0.0125,0.0645,0.03512121865767189,0.15
29,Death,0.0,0.005,0.008660254037844388,0.0375
29,Asymptomatic,0.9375,0.9855000000000002,0.016271140095272984,1.0
29,Hospitalization,0.0,0.005750000000000001,0.00798827265433523,0.025
29,Severe,0.0,0.0037500000000000007,0.007603453162872776,0.025
29,Q1,620.1543322761531,923.8203689952794,183.9638933625678,1614.8320991445325
29,Q2,1279.3462498808365,1871.6998295680903,358.8334047041037,2951.2660597482322
29,Q3,1892.5275716133535,3004.386364177774,495.34250164567976,3939.8081210142454
29,Q4,2873.4017772357383,4729.251456739884,808.9776052908435,6601.258838195839
29,Q5,8074.2617893763945,12633.303498683297,1884.0274400616568,16383.516785565575
30,Susceptible,0.65,0.8262500000000002,0.08715109006776679,0.9875
30,Infected,0.0,0.09925,0.06161422319562261,0.225
30,Recovered_Immune,0.0125,0.0695,0.03841874542459709,0.175
30,Death,0.0,0.005,0.008660254037844388,0.0375
30,Asymptomatic,0.9375,0.98575,0.016009762646585372,1.0
30,Hospitalization,0.0,0.00525,0.007537406715840668,0.025
30,Severe,0.0,0.004000000000000001,0.0076811457478686085,0.025
30,Q1,630.3835418052533,939.1474776474597,190.5836942249443,1660.8633206382356
30,Q2,1305.2390070438528,1905.2090535432696,371.63976529657515,3046.294835482161
30,Q3,1903.8794684575407,3065.5282489282395,511.3189020490336,4083.784008642305
30,Q4,2936.9339612524723,4812.44653361222,832.8880246889449,6771.6708506516115
30,Q5,8365.74343211316,12882.54718331339,1934.2780238069813,16763.04895233323
31,Susceptible,0.65,0.82075,0.08956875850429101,0.9875
31,Infected,0.0,0.0995,0.059474784572959995,0.2125
31,Recovered_Immune,0.0125,0.07475000000000001,0.041040376460261666,0.1875
31,Death,0.0,0.005,0.008660254037844388,0.0375
31,Asymptomatic,0.925,0.9852500000000001,0.01708252030585651,1.0
31,Hospitalization,0.0,0.006,0.008746427842267951,0.025
31,Severe,0.0,0.00375,0.007603453162872776,0.025
31,Q1,635.7705855398608,956.8041182653973,196.9982126604688,1708.8531740643302
31,Q2,1329.8250697122726,1937.682021243971,382.7300601473115,3095.188303498262
31,Q3,1939.3651350044115,3122.1154707679607,525.9652237004789,4182.57895301568
31,Q4,2973.334231224231,4896.112600491934,848.3903465097753,6801.7600158749665
31,Q5,8477.683540869932,13122.778025742706,2024.0749195719222,17188.12748984777
32,Susceptible,0.65,0.81675,0.09167231043232194,0.9875
32,Infected,0.0,0.09824999999999999,0.05905558821991362,0.2125
32,Recovered_Immune,0.0125,0.08,0.043732139211339754,0.2
32,Death,0.0,0.005,0.008660254037844388,0.0375
32,Asymptomatic,0.925,0.9860000000000001,0.01593737745050923,1.0
32,Hospitalization,0.0,0.0055000000000000005,0.007968688725254615,0.025
32,Severe,0.0,0.003500000000000001,0.007088723439378913,0.025
32,Q1,648.557578537153,976.7362196465821,201.86740928202647,1736.320656802504
32,Q2,1346.9611413086602,1969.4759681793696,394.3366299768961,3200.848387232168
32,Q3,1963.0188325942058,3183.781693959044,542.321708592195,4288.265443604578
32,Q4,2989.6225816053575,4987.2543730576845,880.3823730143378,6923.925207557204
32,Q5,8710.449488035372,13353.442326120974,2097.8797732138805,17778.373844542723
33,Susceptible,0.6375,0.812,0.09354009835359378,0.9875
33,Infected,0.0,0.09774999999999999,0.057101335360917785,0.2
33,Recovered_Immune,0.0125,0.08500000000000002,0.047236109069227955,0.2125
33,Death,0.0,0.00525,0.008692669325356854,0.0375
33,Asymptomatic,0.9375,0.9855000000000002,0.01568438714135813,1.0
33,Hospitalization,0.0,0.006,0.008381527307120105,0.0375
33,Severe,0.0,0.0032500000000000007,0.006523994175349945,0.025
33,Q1,655.1435625208579,994.314347982401,208.36995058882965,1787.6973822102827
33,Q2,1353.336813753516,2002.8152681110193,404.36568036439246,3274.764028783351
33,Q3,1991.3085399542113,3246.488820315563,563.5914539827603,4327.477954977908
33,Q4,2995.776117435483,5072.455988577857,907.2196322768739,7072.082977023198
33,Q5,8894.049546013319,13601.650697666762,2168.242322535991,18136.808982889062
34,Susceptible,0.6375,0.8072500000000001,0.09578915648443721,0.9875
34,Infected,0.0,0.09625,0.05658235148878138,0.2
34,Recovered_Immune,0.0125,0.09100000000000001,0.05135903036467881,0.2375
34,Death,0.0,0.0055000000000000005,0.009069178573608528,0.0375
34,Asymptomatic,0.925,0.9852500000000001,0.01671264491335827,1.0
34,Hospitalization,0.0,0.006250000000000001,0.00875,0.0375
34,Severe,0.0,0.0030000000000000005,0.0073143694191638966,0.0375
34,Q1,672.0495028355622,1011.5653417433778,215.66126243285885,1826.905919760799
34,Q2,1360.4114337261988,2038.3731501951488,416.22849207808656,3344.9499827727145
34,Q3,2002.4160304599727,3300.705353231486,583.2221481274551,4443.752352439723
34,Q4,3019.2835775640233,5156.454487910901,923.9378648124692,7109.359026658016
34,Q5,8927.344064506022,13842.865579274141,2241.7919144766606,18438.26738300696
35,Susceptible,0.6375,0.8025000000000001,0.09733961166965893,0.9875
35,Infected,0.0,0.09725,0.056473998441760785,0.2
35,Recovered_Immune,0.0125,0.09475,0.05315602035517708,0.2375
35,Death,0.0,0.0055000000000000005,0.009069178573608528,0.0375
35,Asymptomatic,0.925,0.9854999999999999,0.01627114009527298,1.0
35,Hospitalization,0.0,0.006,0.008746427842267951,0.0375
35,Severe,0.0,0.0030000000000000005,0.0073143694191638966,0.0375
35,Q1,681.5638722190342,1027.8591821369941,224.19101322078652,1879.2349033234923
35,Q2,1361.631703161627,2068.245108131486,427.41560210257774,3440.7250444034967
35,Q3,2000.6588110738392,3359.207773952283,601.4950672567334,4561.770413055469
35,Q4,3047.537076792878,5234.154364592505,950.4069453730319,7236.161984992126
35,Q5,8984.148698364424,14071.857688945878,2302.5525615070887,18794.597285137334
36,Susceptible,0.6125,0.79675,0.09854599180078305,0.9875
36,Infected,0.0,0.09974999999999999,0.05741787613626961,0.2
36,Recovered_Immune,0.0125,0.098,0.05433461143691008,0.2375
36,Death,0.0,0.0055000000000000005,0.009069178573608528,0.0375
36,Asymptomatic,0.925,0.9847499999999999,0.017191931246954194,1.0
36,Hospitalization,0.0,0.007000000000000001,0.01035615758860399,0.05
36,Severe,0.0,0.0027500000000000003,0.007198090024443984,0.0375
36,Q1,697.2419569124525,1045.1682962206917,230.70069451302834,1911.0141326544656
36,Q2,1375.646734663515,2099.5127899330355,434.2501706743239,3479.387665811714
36,Q3,2009.8287862818402,3415.8627365871175,616.4435428817218,4680.109656159147
36,Q4,3076.6497898059242,5317.887078812483,981.2968690109087,7392.335388018403
36,Q5,9081.304434837413,14325.417528429498,2388.0031429282744,19309.60827600205
37,Susceptible,0.6,0.7929999999999999,0.09956656065165655,0.9875
37,Infected,0.0,0.099,0.05754563406549623,0.2375
37,Recovered_Immune,0.0125,0.10250000000000002,0.056513272777286565,0.2375
37,Death,0.0,0.0055000000000000005,0.009069178573608528,0.0375
37,Asymptomatic,0.9375,0.9837499999999999,0.016630168369562593,1.0
37,Hospitalization,0.0,0.008,0.010828203913853857,0.05
37,Severe,0.0,0.0027500000000000003,0.007198090024443984,0.0375
37,Q1,711.9671293916354,1064.0219035233617,238.4880482855917,1940.0917128207536
37,Q2,1373.7692926175218,2130.856146544423,443.1675478238471,3528.1661689704697
37,Q3,2010.3663121717418,3467.1039250215726,634.4269716928688,4818.2403989413315
37,Q4,3098.462912219124,5402.194020016529,1008.8803349365212,7558.8810405515105
37,Q5,9310.909428108866,14558.283729162597,2449.965190955223,19783.858161436227
38,Susceptible,0.6,0.78875,0.10118825277669341,0.9875
38,Infected,0.0,0.09924999999999999,0.057195388800147164,0.2375
38,Recovered_Immune,0.0125,0.10625000000000001,0.05885628683496776,0.2375
38,Death,0.0,0.005750000000000001,0.009086390922693125,0.0375
38,Asymptomatic,0.9375,0.98225,0.0162192015833086,1.0
38,Hospitalization,0.0,0.009500000000000001,0.01105667219374799,0.05
38,Severe,0.0,0.0025,0.005590169943749474,0.025
38,Q1,710.3309560553982,1083.447814684138,245.72924531630332,1978.0639462548236
38,Q2,1410.086976798603,2163.53266211888,448.37869065081,3570.8520265279644
38,Q3,2043.6319296742938,3522.8297682898706,648.0226886577752,4933.159030619023
38,Q4,3135.731728278456,5492.400884695581,1035.150283050506,7712.330150282022
38,Q5,9452.733378781051,14796.017230112007,2507.397977897347,20296.483513123785
39,Susceptible,0.5875,0.7847500000000001,0.1032681582095856,0.9875
39,Infected,0.0,0.09725,0.057298014799816575,0.225
39,Recovered_Immune,0.0125,0.11174999999999999,0.06059135664432676,0.2375
39,Death,0.0,0.00625,0.009437293044088439,0.0375
39,Asymptomatic,0.9375,0.9822500000000001,0.01542927412420948,1.0
39,Hospitalization,0.0,0.009000000000000001,0.010908712114635715,0.05
39,Severe,0.0,0.0025,0.005,0.0125
39,Q1,681.2640384699469,1097.6044541445733,252.2219343755496,1999.1545419850208
39,Q2,1415.229322419369,2196.5098099469537,460.86950291595195,3646.423515539809
39,Q3,2073.36671029816,3582.7905205159354,663.8574516131173,5048.790775959479
39,Q4,3272.644666840914,5579.72062444509,1055.1347897807138,7819.877663625648
39,Q5,9668.329917120944,15040.09450773715,2582.6196269406787,20741.14608079946
40,Susceptible,0.5875,0.7815000000000001,0.10447009141376302,0.9875
40,Infected,0.0,0.0955,0.058723930386172206,0.225
40,Recovered_Immune,0.0125,0.11675,0.061370290043310044,0.2375
40,Death,0.0,0.00625,0.009437293044088439,0.0375
40,Asymptomatic,0.9375,0.9814999999999999,0.015858751527153714,1.0
40,Hospitalization,0.0,0.0095,0.011874342087037918,0.05
40,Severe,0.0,0.0027500000000000003,0.005178078794301995,0.0125
40,Q1,684.8020632264664,1112.611013942438,258.18694332565883,2037.6491822187907
40,Q2,1431.669661961976,2227.3956099797088,469.4923015378525,3717.9163053456705
40,Q3,2105.8381433303675,3638.402555049044,677.9380749522793,5145.805893991796
40,Q4,3303.984090722503,5663.409599854302,1086.3971959054365,7932.522915806918
40,Q5,9753.709784231185,15277.737629177345,2652.470532679712,21201.614660646424
41,Susceptible,0.575,0.77875,0.1066902643168532,0.9875
41,Infected,0.0,0.09350000000000001,0.05938434137043199,0.2375
41,Recovered_Immune,0.0125,0.12125000000000002,0.06221183569064651,0.2375
41,Death,0.0,0.006500000000000001,0.009759610647971567,0.0375
41,Asymptomatic,0.9375,0.9815,0.01605459435800233,1.0
41,Hospitalization,0.0,0.009000000000000001,0.011191514642799697,0.0375
41,Severe,0.0,0.0030000000000000005,0.005338539126015656,0.0125
41,Q1,698.6748104296886,1130.3332413856892,262.48232971266197,2081.255337458362
41,Q2,1457.58751494755,2259.1247111477296,481.4841335680828,3785.397037581171
41,Q3,2116.6922896599976,3697.7628969446982,693.8354892986088,5250.980320200574
41,Q4,3350.0211757413213,5752.677508176716,1116.9765420309816,8099.045176536438
41,Q5,10024.29649567898,15522.776912862471,2661.7606815118106,21820.74601266883
42,Susceptible,0.575,0.7735000000000001,0.10861744795381635,0.9875
42,Infected,0.0,0.09425,0.06175607257590139,0.25
42,Recovered_Immune,0.0125,0.12575,0.06405124901202162,0.2375
42,Death,0.0,0.006500000000000001,0.009759610647971567,0.0375
42,Asymptomatic,0.9375,0.9814999999999999,0.0164392822227736,1.0
42,Hospitalization,0.0,0.00975,0.011535271995059328,0.0375
42,Severe,0.0,0.0022500000000000003,0.004802343178074637,0.0125
42,Q1,721.2768677937206,1147.1876547050279,267.1603601537705,2118.420831439897
42,Q2,1457.9280142181317,2289.4239761904305,489.0626761674315,3808.7682034741806
42,Q3,2145.796263455574,3756.3429924540396,710.604994974229,5415.4239181139
42,Q4,3418.672181519197,5840.537334071378,1143.4934163595044,8249.672468662351
42,Q5,10144.613443162154,15766.830375854137,2742.455246565965,22604.9585050967
43,Susceptible,0.575,0.76975,0.1103712485206179,0.9875
43,Infected,0.0,0.09225000000000001,0.06118057289695806,0.25
43,Recovered_Immune,0.0125,0.1315,0.06727926872373094,0.2375
43,Death,0.0,0.006500000000000001,0.009759610647971567,0.0375
43,Asymptomatic,0.9375,0.98075,0.016994484399357346,1.0
43,Hospitalization,0.0,0.01,0.012247448713915891,0.0375
43,Severe,0.0,0.0027500000000000003,0.005750000000000001,0.025
43,Q1,726.7288416956759,1164.7630102683192,274.16885040869687,2146.387339494347
43,Q2,1483.5709820403786,2322.2921420073058,499.38111671683174,3837.3554123910735
43,Q3,2175.581722875423,3814.3130159810735,724.9568491357461,5521.248939527171
43,Q4,3449.878108770674,5920.057037243034,1168.1296012592807,8399.38917156677
43,Q5,10224.007815655918,16007.145919935867,2799.6254684163932,23287.935384430086
44,Susceptible,0.5625,0.765,0.111579568022107,0.9875
44,Infected,0.0,0.0935,0.06211078811285524,0.2625
44,Recovered_Immune,0.0125,0.1345,0.07038110541899723,0.25
44,Death,0.0,0.007000000000000001,0.01035615758860399,0.0375
44,Asymptomatic,0.925,0.9795,0.017986105748604955,1.0
44,Hospitalization,0.0,0.010749999999999997,0.012502499750049988,0.0375
44,Severe,0.0,0.0027500000000000003,0.005750000000000001,0.025
44,Q1,746.5004536088372,1181.7341018096777,275.6572198053189,2169.3063316353064
44,Q2,1502.0130927483503,2352.2081444461714,501.8315435719149,3774.1213153201716
44,Q3,2222.867332342967,3869.277765294427,734.8750697207741,5620.380610454009
44,Q4,3509.4245902884563,6004.691525243569,1192.6609444225642,8592.440299455458
44,Q5,10351.484263451628,16209.571617573267,2860.803334974815,23968.801140660536
45,Susceptible,0.5625,0.7609999999999999,0.11337548235840057,0.9875
45,Infected,0.0,0.0935,0.06370047095587285,0.25
45,Recovered_Immune,0.0125,0.13824999999999998,0.07238827598444378,0.275
45,Death,0.0,0.0072499999999999995,0.010335013304297194,0.0375
45,Asymptomatic,0.925,0.9795,0.018500000000000003,1.0
45,Hospitalization,0.0,0.01075,0.012502499750049988,0.0375
45,Severe,0.0,0.0025,0.005590169943749474,0.025
45,Q1,769.3714683444736,1199.1375766248132,280.5931443060133,2208.92374885583
45,Q2,1533.6320679927924,2385.88272785081,509.2088372184541,3833.6715845934136
45,Q3,2229.9160208142875,3927.719672945076,754.3214014229861,5720.264783324317
45,Q4,3588.2859782571772,6099.428232678596,1217.545268620336,8761.642144659094
45,Q5,10481.978280022053,16433.28015368272,2893.298654282826,24469.014203356997
46,Susceptible,0.5625,0.7567499999999999,0.11492415977504468,0.9875
46,Infected,0.0,0.09174999999999998,0.06352214180897871,0.25
46,Recovered_Immune,0.0125,0.14425000000000002,0.0755484116312183,0.275
46,Death,0.0,0.0072499999999999995,0.010335013304297194,0.0375
46,Asymptomatic,0.9375,0.9795,0.017986105748604958,1.0
46,Hospitalization,0.0,0.010250000000000002,0.01164313102219502,0.0375
46,Severe,0.0,0.0030000000000000005,0.0058949130612757986,0.025
46,Q1,789.8961945541732,1217.693851145844,287.2819149482967,2271.7525915404885
46,Q2,1563.4803988301117,2418.0578309383295,521.1517391689468,3886.697941982725
46,Q3,2251.084028274195,3982.2778380050418,768.4016942341636,5793.9282538222515
46,Q4,3674.6440182650044,6181.402844200182,1234.5526337086008,8944.082551814672
46,Q5,10765.980349884574,16648.738100928033,2949.094188890503,25040.06578358505
47,Susceptible,0.5625,0.7547499999999999,0.11664288448079463,0.9875
47,Infected,0.0,0.08625,0.06271213997305465,0.2375
47,Recovered_Immune,0.0125,0.15175000000000002,0.0777821476946992,0.275
47,Death,0.0,0.0072499999999999995,0.010335013304297194,0.0375
47,Asymptomatic,0.9375,0.98125,0.01772180859844729,1.0
47,Hospitalization,0.0,0.00775,0.009965565713997374,0.0375
47,Severe,0.0,0.00375,0.006731456008918131,0.025
47,Q1,795.2756877814384,1235.961507981123,292.82938780759224,2295.422592283579
47,Q2,1583.2925995389978,2451.4006066067527,537.1454250702232,3963.283001479064
47,Q3,2285.9051219493053,4032.2347624691256,782.2230637976116,5908.133485596656
47,Q4,3726.668650585857,6279.3299042140925,1250.764660451812,9128.955818059896
47,Q5,10931.390054830743,16868.8131541991,3020.9413464870295,25433.28744329649
48,Susceptible,0.5625,0.7517499999999999,0.11792502914987982,0.9875
48,Infected,0.0,0.08650000000000001,0.0635826234123758,0.25
48,Recovered_Immune,0.0125,0.15425,0.07888322064926102,0.3
48,Death,0.0,0.0075,0.010897247358851683,0.0375
48,Asymptomatic,0.9375,0.9814999999999999,0.017363755354185346,1.0
48,Hospitalization,0.0,0.006999999999999999,0.009733961166965892,0.0375
48,Severe,0.0,0.004,0.0072629195231669755,0.025
48,Q1,803.4769827697991,1251.4350926815875,301.1776302414026,2330.8741421105674
48,Q2,1602.54346700665,2484.843133329651,549.7888228302483,4005.940461038865
48,Q3,2333.9773357666063,4086.958494145245,799.4916173044251,5970.233358909895
48,Q4,3748.425175888874,6371.32445968033,1274.525285490689,9320.142624859207
48,Q5,11263.847679977522,17116.546052359954,3059.8933908147924,25856.651172789276
49,Susceptible,0.5625,0.7477499999999999,0.11941759711198345,0.9875
49,Infected,0.0,0.08624999999999998,0.06320848439885265,0.25
49,Recovered_Immune,0.0125,0.1585,0.0804067783212336,0.3125
49,Death,0.0,0.0075,0.010897247358851683,0.0375
49,Asymptomatic,0.9375,0.98175,0.01806412189950013,1.0
49,Hospitalization,0.0,0.006500000000000001,0.009759610647971569,0.0375
49,Severe,0.0,0.00425,0.00775,0.025
49,Q1,810.8456796953822,1270.2540179213884,308.2752466776703,2378.6219962416244
49,Q2,1621.7670832773047,2517.2297337754953,559.5477301632877,4064.944992060722
49,Q3,2408.5390681220615,4144.41787932583,810.4071924715641,6127.85365260975
49,Q4,3818.19744082301,6452.109372291527,1304.0030669873643,9432.55945930739
49,Q5,11403.124523774577,17379.997657979933,3120.768816871817,26317.870694919646
50,Susceptible,0.5625,0.7452500000000001,0.12124072129445618,0.9875
50,Infected,0.0,0.085,0.06373774391990981,0.25
50,Recovered_Immune,0.0125,0.16225,0.08202476760101184,0.3375
50,Death,0.0,0.0075,0.010897247358851683,0.0375
50,Asymptomatic,0.925,0.9814999999999999,0.019078784028338912,1.0
50,Hospitalization,0.0,0.006500000000000001,0.010965856099730656,0.05
50,Severe,0.0,0.0045000000000000005,0.0078102496759066544,0.025
50,Q1,835.3518911231207,1287.4668681926328,314.11089385472957,2436.0951627186905
50,Q2,1641.550075029478,2552.241528609931,572.872542167053,4168.575119471194
50,Q3,2447.2758506989376,4197.970100096659,821.0223538808979,6216.101399903169
50,Q4,3850.527716811407,6529.484939782491,1330.6531355300738,9605.826317915982
50,Q5,11596.281612272553,17615.13301599042,3168.132737553796,26580.48197099108
51,Susceptible,0.5625,0.7440000000000001,0.1210691950910718,0.9875
51,Infected,0.0,0.08125,0.06109674704924968,0.2375
51,Recovered_Immune,0.0125,0.16700000000000004,0.0855409258776172,0.3375
51,Death,0.0,0.00775,0.01142639488202644,0.0375
51,Asymptomatic,0.925,0.9822500000000001,0.018215721231946876,1.0
51,Hospitalization,0.0,0.006000000000000001,0.009759610647971569,0.0375
51,Severe,0.0,0.004,0.0076811457478686085,0.025
51,Q1,850.9070069833956,1306.536014318016,321.1113212239709,2479.7955370309346
51,Q2,1666.0094419938364,2587.25584275473,585.9685021656724,4257.9551814515125
51,Q3,2472.276214083207,4253.705804913837,833.7537968545104,6323.147582822579
51,Q4,3888.908890544656,6612.034214538987,1359.1847785848793,9812.376133578631
51,Q5,11333.487770424756,17800.436440219408,3283.4114703954933,27051.371865425754
52,Susceptible,0.5625,0.7395,0.1243070794444146,0.9875
52,Infected,0.0,0.0805,0.060008332754709987,0.2375
52,Recovered_Immune,0.0125,0.17225000000000001,0.08761742121290719,0.3375
52,Death,0.0,0.00775,0.01142639488202644,0.0375
52,Asymptomatic,0.925,0.98225,0.017869317278508434,1.0
52,Hospitalization,0.0,0.00575,0.008735702604828074,0.025
52,Severe,0.0,0.00425,0.00775,0.025
52,Q1,855.1716716674291,1325.0318217467166,330.2551315709641,2525.0834738045164
52,Q2,1683.9664227765484,2620.785133933493,599.4222792241521,4349.065181867404
52,Q3,2516.201034119543,4309.04556323598,845.8279614033896,6449.104748117938
52,Q4,3941.2737415459665,6709.901358702333,1384.113339268757,9929.956349800717
52,Q5,11352.355645226948,18055.651582461283,3343.8897345145188,27413.98903952948
53,Susceptible,0.55,0.7375,0.12519984025548914,0.9875
53,Infected,0.0,0.0785,0.059583974355526176,0.2
53,Recovered_Immune,0.0125,0.17625000000000005,0.08973049927421557,0.3375
53,Death,0.0,0.00775,0.01142639488202644,0.0375
53,Asymptomatic,0.9375,0.982,0.01734935157289748,1.0
53,Hospitalization,0.0,0.006750000000000001,0.008735702604828074,0.025
53,Severe,0.0,0.0035000000000000005,0.007516648189186455,0.025
53,Q1,864.0872054628173,1342.3820999478883,334.8178397021639,2555.5725398317136
53,Q2,1684.7967471520562,2652.8006875160977,607.1121415284819,4434.523794884879
53,Q3,2532.7501362774324,4363.137802153285,857.5363810938267,6540.013362502404
53,Q4,3972.9511005654117,6797.820381331053,1413.8744579044474,10175.898756146822
53,Q5,11423.442554594669,18302.771185880763,3376.8332004328286,27691.201299806955
54,Susceptible,0.525,0.73425,0.12651111611237964,0.9875
54,Infected,0.0,0.07675,0.06005258112687581,0.2375
54,Recovered_Immune,0.0125,0.18100000000000002,0.09172785836374901,0.35
54,Death,0.0,0.008,0.011390785749894517,0.0375
54,Asymptomatic,0.9375,0.9812499999999998,0.018243149399158037,1.0
54,Hospitalization,0.0,0.0075,0.009682458365518542,0.0375
54,Severe,0.0,0.0032500000000000003,0.007420411039827916,0.025
54,Q1,865.0908868829785,1358.6472458808767,339.3000769885648,2598.365556390787
54,Q2,1692.7206774282204,2681.038399962565,617.2382803526792,4500.991599290212
54,Q3,2550.8863471641816,4409.125360647196,864.5355164737127,6614.328834395187
54,Q4,4061.9096355661604,6892.7386124479035,1445.7500933544036,10419.07866122305
54,Q5,11469.694380151146,18535.09024206628,3443.424174793917,27910.40417276239
55,Susceptible,0.525,0.7300000000000001,0.12835497652993438,0.9875
55,Infected,0.0,0.076,0.05813991744060185,0.2125
55,Recovered_Immune,0.0125,0.18575,0.09417437284102294,0.35
55,Death,0.0,0.00825,0.011349559462816168,0.0375
55,Asymptomatic,0.9375,0.9824999999999998,0.01750000000000001,1.0
55,Hospitalization,0.0,0.006750000000000001,0.008735702604828074,0.025
55,Severe,0.0,0.0025,0.006614378277661478,0.025
55,Q1,871.1569441617959,1377.7571178891112,345.3795139570321,2636.4930371416835
55,Q2,1704.8029297380442,2712.0164073689807,624.106723868661,4551.874602280926
55,Q3,2567.6224241834407,4459.08611995306,880.7784878148015,6750.5629524131755
55,Q4,4102.9070656140075,6979.892049133575,1476.9587003902793,10627.675142039987
55,Q5,11575.61580694754,18774.407850069005,3491.6879670521175,28411.967971575043
56,Susceptible,0.525,0.7275000000000001,0.12983162172598786,0.9875
56,Infected,0.0,0.07375,0.05608308568543639,0.2125
56,Recovered_Immune,0.0125,0.19025000000000003,0.09566510596868641,0.3625
56,Death,0.0,0.0085,0.011302654555457314,0.0375
56,Asymptomatic,0.9375,0.9832500000000001,0.01706787918869829,1.0
56,Hospitalization,0.0,0.005750000000000001,0.008370334521391604,0.025
56,Severe,0.0,0.0025,0.0061237243569579455,0.025
56,Q1,880.6426747865926,1394.8844080503104,346.9926066316716,2660.262765652695
56,Q2,1732.6507361532256,2748.844221709315,632.3659967139736,4620.42045202736
56,Q3,2587.642950312418,4514.501970017917,897.3192091154044,6853.356836399202
56,Q4,4184.349141935207,7072.648192697301,1510.8612619205733,10808.134939309977
56,Q5,11589.37782989781,19023.16857325213,3556.29563158242,28867.590280585762
57,Susceptible,0.5125,0.7237500000000001,0.13307070489029507,0.9875
57,Infected,0.0,0.07200000000000001,0.05365165421494476,0.1875
57,Recovered_Immune,0.0125,0.19574999999999998,0.09671510998804686,0.3625
57,Death,0.0,0.0085,0.011302654555457314,0.0375
57,Asymptomatic,0.9375,0.98425,0.016357337802955597,1.0
57,Hospitalization,0.0,0.00525,0.007537406715840668,0.025
57,Severe,0.0,0.002,0.0045825756949558405,0.0125
57,Q1,888.5440009197639,1411.9358609960625,352.5740105891702,2687.97175040142
57,Q2,1725.829254896534,2780.7467001856553,642.5003028127977,4705.169500204681
57,Q3,2649.223670755964,4563.991486712443,902.4980161958767,6940.9683638348
57,Q4,4216.567549974268,7156.867766876588,1533.0467058323773,10923.973680546513
57,Q5,11667.44575508639,19269.758849669834,3610.282764567999,29273.12720939191
58,Susceptible,0.5125,0.7205000000000001,0.13427490458011876,0.9875
58,Infected,0.0,0.07150000000000001,0.05309425580983314,0.175
58,Recovered_Immune,0.0125,0.19950000000000004,0.09785065150524037,0.3625
58,Death,0.0,0.0085,0.011302654555457314,0.0375
58,Asymptomatic,0.9375,0.9847499999999999,0.016257690487889113,1.0
58,Hospitalization,0.0,0.00525,0.007941190087134295,0.025
58,Severe,0.0,0.0015000000000000002,0.004062019202317981,0.0125
58,Q1,896.2975039892405,1429.9536870252468,356.69830358313146,2707.62602537193
58,Q2,1741.4170017352296,2816.6333735887647,654.0262266559511,4784.989713652462
58,Q3,2687.8815748240268,4628.46435359716,923.3757102367016,7068.212592523306
58,Q4,4319.890062962968,7259.564938864326,1566.6128336237057,11167.284930943857
58,Q5,11691.677199949436,19498.651269708866,3636.3638097507305,29594.12191387651
59,Susceptible,0.5125,0.7167500000000001,0.13522227072490686,0.9875
59,Infected,0.0,0.07100000000000001,0.05445410911951457,0.1875
59,Recovered_Immune,0.0125,0.20375,0.09953799525809227,0.3625
59,Death,0.0,0.0085,0.011302654555457314,0.0375
59,Asymptomatic,0.925,0.9845,0.01724093964956667,1.0
59,Hospitalization,0.0,0.00525,0.007941190087134295,0.025
59,Severe,0.0,0.0017500000000000003,0.005006246098625197,0.025
59,Q1,901.7373248253671,1450.3730721286172,363.1778031173391,2737.8760216266537
59,Q2,1753.6818916693542,2856.0249830065104,662.2020274991278,4842.343701211386
59,Q3,2706.835413085468,4686.354173865051,941.608143512422,7217.8923586569435
59,Q4,4354.165293743173,7353.288982897653,1595.0674980072943,11416.467299673111
59,Q5,11759.53140757075,19724.200155481118,3698.947538577259,29964.03354480663
60,Susceptible,0.5,0.71175,0.13769100370031442,0.9875
60,Infected,0.0,0.07200000000000001,0.05474714604433732,0.175
60,Recovered_Immune,0.0125,0.20775000000000002,0.10151631642253377,0.375
60,Death,0.0,0.0085,0.011302654555457314,0.0375
60,Asymptomatic,0.925,0.98425,0.017466038474708567,1.0
60,Hospitalization,0.0,0.005750000000000001,0.00798827265433523,0.025
60,Severe,0.0,0.0015000000000000002,0.004769696007084729,0.025
60,Q1,905.015556251472,1468.5849921477652,368.3393847312904,2779.616986817413
60,Q2,1756.8318192775125,2893.8934588896936,679.1518509924099,4949.1414327124685
60,Q3,2704.4003951783848,4747.6750611263,961.7308981509786,7317.311702763527
60,Q4,4425.03922049584,7445.226464059727,1614.0066683206799,11519.199153325048
60,Q5,11836.214802549439,19997.676921864302,3767.4491079830777,30348.000050940944
61,Susceptible,0.4875,0.7085000000000001,0.1402328420877221,0.9875
61,Infected,0.0,0.0715,0.05285830114561004,0.175
61,Recovered_Immune,0.0125,0.21100000000000002,0.10276307702672201,0.375
61,Death,0.0,0.009000000000000001,0.011467344941179717,0.0375
61,Asymptomatic,0.925,0.9847500000000001,0.01737275165309169,1.0
61,Hospitalization,0.0,0.0045000000000000005,0.00739932429347437,0.025
61,Severe,0.0,0.0017499999999999998,0.005006246098625197,0.025
61,Q1,909.6805776230163,1486.8374216015613,374.42318886996475,2829.394925702822
61,Q2,1786.2961508799804,2932.1877661182607,691.7354916529406,5073.282139356673
61,Q3,2729.904338950557,4803.5611112161905,972.1380424848365,7412.684004528887
61,Q4,4454.273512366923,7526.761063137591,1632.1516993565854,11680.915200321224
61,Q5,11913.73227238297,20195.37787189941,3788.269287289778,30780.1285551352
62,Susceptible,0.475,0.7042500000000002,0.14194210967855875,0.9875
62,Infected,0.0,0.07325,0.052261960353587975,0.1625
62,Recovered_Immune,0.0125,0.21350000000000002,0.1049952379872535,0.3875
62,Death,0.0,0.009000000000000001,0.011467344941179717,0.0375
62,Asymptomatic,0.9375,0.9845,0.01724093964956667,1.0
62,Hospitalization,0.0,0.00475,0.007862092596758194,0.025
62,Severe,0.0,0.0017500000000000003,0.004337337893224369,0.0125
62,Q1,928.7782609677864,1503.7537196920987,379.44985821674476,2860.446482012812
62,Q2,1801.729257493243,2968.8012885781754,699.323096143934,5119.69994746407
62,Q3,2743.4907942187233,4866.883310970709,994.4526356816608,7618.634327456251
62,Q4,4531.0999537680655,7616.63104597472,1651.392506569371,11830.73458518888
62,Q5,11905.489066321737,20439.705026638123,3847.080052682225,31244.66778766917
63,Susceptible,0.4625,0.7025000000000001,0.14280668751847725,0.9875
63,Infected,0.0,0.06975,0.04937674047565311,0.1625
63,Recovered_Immune,0.0125,0.21875,0.10660235691578306,0.3875
63,Death,0.0,0.009000000000000001,0.011467344941179717,0.0375
63,Asymptomatic,0.95,0.9847500000000001,0.01644878414959599,1.0
63,Hospitalization,0.0,0.004750000000000001,0.008250000000000002,0.0375
63,Severe,0.0,0.0015,0.00406201920231798,0.0125
63,Q1,939.5808288393741,1521.3715307459954,384.00288911596203,2888.2702528948985
63,Q2,1813.709081780209,3005.553533796573,707.859825721566,5200.315073403269
63,Q3,2801.5708249883164,4927.7368262262435,1007.2281577263851,7700.112375798617
63,Q4,4619.280676389312,7704.360050172487,1667.4567151532895,11937.982220831454
63,Q5,11942.332000162558,20695.960613891046,3891.5386460375885,31614.290155522263
64,Susceptible,0.4625,0.7005,0.14396093220037165,0.9875
64,Infected,0.0,0.06825,0.049510731160022275,0.15
64,Recovered_Immune,0.0125,0.22224999999999998,0.1081460239675967,0.4
64,Death,0.0,0.009000000000000001,0.011467344941179717,0.0375
64,Asymptomatic,0.95,0.98425,0.016357337802955597,1.0
64,Hospitalization,0.0,0.00525,0.007941190087134295,0.0375
64,Severe,0.0,0.0015,0.00406201920231798,0.0125
64,Q1,943.5142929041048,1539.064945295488,388.9419246373166,2918.6404471786914
64,Q2,1811.4900539055923,3038.6262526409446,720.5817507646201,5289.299672065201
64,Q3,2853.819450159205,4985.892426097146,1023.2344566149565,7796.967407028993
64,Q4,4669.090994090106,7798.3574237732355,1701.9258947442559,12073.28740357481
64,Q5,12095.856744854762,20931.464206534423,3936.0260215968856,32001.395525667594
65,Susceptible,0.4625,0.6985000000000001,0.14449567467574936,0.9875
65,Infected,0.0,0.06574999999999999,0.04916871464661243,0.15
65,Recovered_Immune,0.0125,0.22675,0.10923054746727218,0.4125
65,Death,0.0,0.009000000000000001,0.011467344941179717,0.0375
65,Asymptomatic,0.95,0.98425,0.015773791554347365,1.0
65,Hospitalization,0.0,0.005,0.007500000000000001,0.0375
65,Severe,0.0,0.0017499999999999998,0.004337337893224369,0.0125
65,Q1,948.2342237103071,1558.4775605849964,394.65828661545135,2964.202774616712
65,Q2,1837.504381605519,3077.161610448532,733.7181787822835,5334.190709990126
65,Q3,2885.3887786320793,5045.40228163767,1040.1408791970703,7938.364633764492
65,Q4,4700.260565470334,7887.716857846632,1722.8134608075254,12245.312884680632
65,Q5,12238.305284831473,21188.725529946638,4010.9665763177213,32234.148969446876
66,Susceptible,0.4375,0.69375,0.14799176497359576,0.9875
66,Infected,0.0,0.06699999999999999,0.05134199061197375,0.1625
66,Recovered_Immune,0.0125,0.23024999999999998,0.11076692872875007,0.425
66,Death,0.0,0.009000000000000001,0.011467344941179717,0.0375
66,Asymptomatic,0.95,0.9847499999999999,0.015670433944214825,1.0
66,Hospitalization,0.0,0.004,0.006344288770224761,0.025
66,Severe,0.0,0.00225,0.004802343178074636,0.0125
66,Q1,957.4432081473224,1577.058660432739,401.4699104322342,3008.659038007656
66,Q2,1853.336718505553,3111.4498375616117,739.2222376758006,5378.336064009524
66,Q3,2929.1802759215816,5104.091232064081,1053.8373033498178,7994.712975149467
66,Q4,4716.780137417558,7985.6633653670115,1742.2566038185932,12434.726818047984
66,Q5,12440.484311796125,21431.18746479592,4062.367113079201,32671.340138424697
67,Susceptible,0.4375,0.6899999999999998,0.14995832754468824,0.9875
67,Infected,0.0,0.06675,0.05163634863155992,0.175
67,Recovered_Immune,0.0125,0.23425,0.11213301253422205,0.425
67,Death,0.0,0.009000000000000001,0.011467344941179717,0.0375
67,Asymptomatic,0.9375,0.9840000000000001,0.016209565077447332,1.0
67,Hospitalization,0.0,0.005,0.007905694150420948,0.0375
67,Severe,0.0,0.002,0.0045825756949558405,0.0125
67,Q1,962.6645019756912,1594.0167725480323,405.4743308320734,3036.043300866498
67,Q2,1867.9389807428574,3144.6233412344236,746.5622682188551,5413.163164932573
67,Q3,2953.86964243726,5166.317712755154,1073.9608948149585,8111.98815096352
67,Q4,4739.2709162992505,8075.842094924872,1767.8205369097002,12584.963940757802
67,Q5,12598.703620928603,21659.33572796754,4101.135439514634,32894.731589449
68,Susceptible,0.425,0.68625,0.15244363712533235,0.9875
68,Infected,0.0,0.06825,0.05239334404292209,0.175
68,Recovered_Immune,0.0125,0.23625,0.11388727979893101,0.425
68,Death,0.0,0.009250000000000001,0.011675294428835617,0.0375
68,Asymptomatic,0.95,0.98375,0.015461646096066234,1.0
68,Hospitalization,0.0,0.00525,0.007110731326663946,0.025
68,Severe,0.0,0.0017499999999999998,0.004337337893224369,0.0125
68,Q1,961.869842629465,1612.4110502315953,412.24423109805036,3081.728372304278
68,Q2,1877.814758596595,3178.7867007977334,759.2062672695029,5470.989745812202
68,Q3,2980.190891118801,5219.162379133403,1091.1410469339758,8198.492579263364
68,Q4,4434.10129337344,8155.674086264651,1818.1488040098511,12710.438538095672
68,Q5,12825.82258851037,21905.635142627874,4146.972128560348,33558.96691393895
69,Susceptible,0.425,0.68425,0.15398478009205976,0.9875
69,Infected,0.0,0.06725,0.05302652638067103,0.175
69,Recovered_Immune,0.0125,0.23925000000000002,0.11519033162553183,0.425
69,Death,0.0,0.009250000000000001,0.011675294428835617,0.0375
69,Asymptomatic,0.95,0.9847499999999999,0.015469728504404992,1.0
69,Hospitalization,0.0,0.004750000000000001,0.007022285952594069,0.025
69,Severe,0.0,0.00125,0.0037500000000000003,0.0125
69,Q1,980.229811588226,1632.421254733598,417.68049552335583,3106.902731085257
69,Q2,1903.2644555300535,3211.66938270088,767.8421506453619,5522.712744599901
69,Q3,2997.207606321468,5277.254935781945,1109.6850340891906,8364.086274904037
69,Q4,4472.233188286879,8235.235447712445,1844.5520788900455,12863.41235137771
69,Q5,12963.863195840122,22153.4139733554,4209.131936720529,34012.741897547836
70,Susceptible,0.425,0.6812499999999999,0.15516624149601613,0.9875
70,Infected,0.0,0.066,0.05208406666150407,0.1625
70,Recovered_Immune,0.0125,0.24325,0.11670502345657618,0.425
70,Death,0.0,0.009500000000000001,0.012134661099511597,0.0375
70,Asymptomatic,0.95,0.9840000000000001,0.015819292019556383,1.0
70,Hospitalization,0.0,0.004,0.006344288770224761,0.025
70,Severe,0.0,0.0025,0.006614378277661478,0.025
70,Q1,992.4570282268382,1649.8688655611427,424.23585089259666,3148.356906749277
70,Q2,1928.6346479756492,3248.9684198244154,777.0267147888183,5577.864461310479
70,Q3,3012.7960663908475,5339.5757702421315,1126.1874092108421,8507.476230991497
70,Q4,4492.247393248119,8327.654318788262,1875.3484362039228,12977.998605300088
70,Q5,12994.07170188113,22346.12791744347,4290.653603874074,34078.03870766819
71,Susceptible,0.425,0.6789999999999999,0.15657346518487736,0.9875
71,Infected,0.0,0.06575,0.05219015711798538,0.15
71,Recovered_Immune,0.0125,0.24575,0.11854877688107962,0.425
71,Death,0.0,0.009500000000000001,0.012134661099511597,0.0375
71,Asymptomatic,0.95,0.9842500000000001,0.015574418127172524,1.0
71,Hospitalization,0.0,0.00375,0.005728219618694801,0.0125
71,Severe,0.0,0.0025,0.006614378277661477,0.025
71,Q1,992.1670401309539,1667.7358609383796,431.49401109980744,3196.8133002558693
71,Q2,1940.521794577181,3287.046032322298,784.8398047888131,5626.228231896193
71,Q3,3019.424916741773,5391.3031575186305,1144.6914151979392,8597.41903908733
71,Q4,4535.876005564809,8419.891338073501,1905.853995037342,13185.590203067568
71,Q5,13263.206112046773,22578.46810052732,4331.230828038101,34444.47783851016
72,Susceptible,0.425,0.67625,0.15798041809034435,0.9875
72,Infected,0.0,0.06724999999999999,0.05332037603018193,0.1625
72,Recovered_Immune,0.0125,0.247,0.11820427234241576,0.425
72,Death,0.0,0.009500000000000001,0.012134661099511597,0.0375
72,Asymptomatic,0.95,0.9825,0.01600781059358213,1.0
72,Hospitalization,0.0,0.005750000000000001,0.008370334521391604,0.025
72,Severe,0.0,0.0022500000000000003,0.005963430220938282,0.025
72,Q1,995.3437762268068,1686.5407123922673,437.49468327042644,3233.604128258761
72,Q2,1948.340714596937,3323.3345082192013,792.9120598098674,5687.3748797633525
72,Q3,3053.125058703793,5446.381557202076,1153.5117731819782,8670.882402005765
72,Q4,4583.763645416033,8501.549776217258,1935.0450600342347,13334.80432561924
72,Q5,13515.248908176676,22808.62953767211,4375.108805613889,34877.18977154392
73,Susceptible,0.425,0.6735,0.15861982852090087,0.9875
73,Infected,0.0,0.06525,0.05149575225200619,0.1625
73,Recovered_Immune,0.0125,0.25125,0.12137879757189886,0.4375
73,Death,0.0,0.01,0.0125,0.0375
73,Asymptomatic,0.9375,0.98175,0.016622650209879294,1.0
73,Hospitalization,0.0,0.006000000000000001,0.008746427842267951,0.025
73,Severe,0.0,0.0022500000000000003,0.005963430220938282,0.025
73,Q1,1000.9399954875112,1704.133311821118,443.8992658216069,3260.5654264765053
73,Q2,1974.3181580794558,3355.1427153187265,800.6828254317162,5742.154054127144
73,Q3,3074.071647692392,5502.402160165864,1169.6954001981094,8781.838436460159
73,Q4,4612.383095243073,8594.996486700335,1967.144389251244,13456.174433174805
73,Q5,13633.715692744197,23023.37417987202,4409.281969439291,35003.52643356115
74,Susceptible,0.425,0.672,0.15932592381655913,0.9875
74,Infected,0.0,0.06449999999999999,0.05101225342993583,0.1625
74,Recovered_Immune,0.0125,0.25325,0.1221630570180691,0.4375
74,Death,0.0,0.010250000000000002,0.012422258248804845,0.0375
74,Asymptomatic,0.95,0.98175,0.015852838862487693,1.0
74,Hospitalization,0.0,0.005750000000000002,0.009086390922693127,0.025
74,Severe,0.0,0.0022500000000000003,0.004802343178074637,0.0125
74,Q1,1010.785387419246,1722.5357196726347,450.5138450134237,3311.6879728187273
74,Q2,1986.7172519995756,3390.253242112064,811.9851603859377,5826.020127672143
74,Q3,3086.124759070984,5557.201180786047,1187.9698783712322,8912.154800759437
74,Q4,4668.412361237178,8687.862925222282,1989.9264232082746,13586.650384583614
74,Q5,13811.090403252865,23251.45557392138,4461.3176912706285,35214.863474008605
75,Susceptible,0.425,0.6707500000000001,0.16024609979653173,0.9875
75,Infected,0.0,0.06199999999999999,0.04968400144915866,0.1625
75,Recovered_Immune,0.0125,0.2565,0.123547561691844,0.475
75,Death,0.0,0.01075,0.013231118622399242,0.05
75,Asymptomatic,0.95,0.9822500000000001,0.016410743432276314,1.0
75,Hospitalization,0.0,0.00425,0.007335700375560606,0.025
75,Severe,0.0,0.0027500000000000003,0.005178078794301995,0.0125
75,Q1,1018.6394938093313,1740.6020795813386,457.41107689099135,3356.5274686466078
75,Q2,2027.3840808227947,3430.542426520778,824.0596177524005,5924.888628573104
75,Q3,3132.7378792659983,5605.560629029169,1197.865091690798,9013.8467510231
75,Q4,4711.153139168355,8781.531560882524,2011.4502634526289,13711.80689099912
75,Q5,13981.537691708207,23499.7224606868,4517.3968375100685,35454.01128745731
76,Susceptible,0.4125,0.6695,0.16126763469462804,0.9875
76,Infected,0.0,0.059,0.04873653660243001,0.1625
76,Recovered_Immune,0.0125,0.26075000000000004,0.1251751273216848,0.475
76,Death,0.0,0.01075,0.013231118622399242,0.05
76,Asymptomatic,0.95,0.982,0.01623268308074793,1.0
76,Hospitalization,0.0,0.004750000000000001,0.007454025757937787,0.025
76,Severe,0.0,0.0025,0.005,0.0125
76,Q1,1025.1237700436113,1758.3060558915834,464.7986155376176,3391.9348529210865
76,Q2,2032.4233663756654,3461.8243143776344,831.2289080357939,5970.930071804182
76,Q3,3151.218192621611,5662.785275493421,1209.8216120343793,9089.068060105557
76,Q4,4792.091124384301,8870.780351355403,2036.8199974627316,13819.011625431087
76,Q5,14003.952932873497,23721.135472604572,4560.64754405639,35967.999508131135
77,Susceptible,0.4,0.6667500000000001,0.16354682051327074,0.9875
77,Infected,0.0,0.059250000000000004,0.049611616583215674,0.175
77,Recovered_Immune,0.0125,0.26325000000000004,0.12667404035555194,0.475
77,Death,0.0,0.01075,0.013231118622399242,0.05
77,Asymptomatic,0.95,0.9822500000000001,0.015829166118276734,1.0
77,Hospitalization,0.0,0.004750000000000001,0.007022285952594069,0.025
77,Severe,0.0,0.0022500000000000003,0.004802343178074637,0.0125
77,Q1,1033.664087037545,1776.710377644133,470.8015763936184,3413.827164434242
77,Q2,2077.3141828707116,3500.424506784238,839.913324424717,6055.552289685825
77,Q3,3176.790655960974,5721.672845665612,1232.8593022411958,9157.083281788573
77,Q4,4813.17570548601,8966.13673148355,2065.911692841634,13995.548785752599
77,Q5,14132.366351254472,23930.54971082886,4625.098519326302,36238.65704554003
78,Susceptible,0.4,0.66375,0.16464450340050835,0.9875
78,Infected,0.0,0.05825,0.0473425020462586,0.15
78,Recovered_Immune,0.0125,0.267,0.12997018888960654,0.4875
78,Death,0.0,0.011,0.013379088160259652,0.05
78,Asymptomatic,0.95,0.98275,0.015388713396512401,1.0
78,Hospitalization,0.0,0.0045000000000000005,0.00696419413859206,0.025
78,Severe,0.0,0.0017500000000000003,0.004337337893224369,0.0125
78,Q1,1040.3925534887094,1795.1070754881493,476.7089823746825,3440.595481074844
78,Q2,2092.783121950253,3531.957243152846,852.556403805457,6149.597918404577
78,Q3,3185.0737052982977,5780.9528600673875,1247.0795254038449,9216.273682437724
78,Q4,4857.564491983443,9053.993417985075,2089.511032936145,14114.35034464355
78,Q5,14232.534447009859,24139.330558129408,4674.607386199639,36667.94962958599
79,Susceptible,0.4,0.6615000000000001,0.16590358645912393,0.9875
79,Infected,0.0,0.057249999999999995,0.045968059563135794,0.15
79,Recovered_Immune,0.0125,0.27,0.13114877048604,0.4875
79,Death,0.0,0.01125,0.01375,0.05
79,Asymptomatic,0.95,0.9830000000000001,0.015157506391224127,1.0
79,Hospitalization,0.0,0.0045000000000000005,0.00696419413859206,0.025
79,Severe,0.0,0.00125,0.0037500000000000003,0.0125
79,Q1,1045.2344104637043,1815.006331842144,486.5717238290309,3493.402102892119
79,Q2,2107.90370129813,3573.3836610730523,865.8515439100769,6243.533698295851
79,Q3,3231.7419728252453,5833.553109829527,1259.357730807107,9332.297543298833
79,Q4,4859.8925532187695,9145.887807497642,2118.6330813739896,14256.673550379573
79,Q5,14368.05790948526,24368.665009999237,4754.391257004134,37068.77060355209
